id,module_content_id,title,content,media_url,order_index,created_at,updated_at,translations
4dd3bab5-5873-4d4f-b1b4-44ee2a22b8a9,0dd0df9e-6b1f-47c6-a88d-804eac35ce50,Kausaler Modellierungsprozess,"Unser Weltbild entsteht durch einen kausalen Modellierungsprozess. Wir nehmen die Welt über unsere fünf Sinne wahr (VAKOG - visuell, auditiv, kinästhetisch, olfaktorisch, gustatorisch), verarbeiten diese Informationen und bilden daraus unser ""Modell der Welt"".

Wichtig zu verstehen: **Die Landkarte ist nicht das Gebiet**. Unsere innere Repräsentation der Welt ist nie die Welt selbst, sondern immer nur unsere subjektive Interpretation davon. 

Die Art, wie wir diese Modellierung vornehmen, prägt unsere Erfahrung der Realität grundlegend. Konflikte zwischen Menschen entstehen oft, wenn unterschiedliche Weltmodelle aufeinandertreffen.",null,1,2025-04-10 09:44:01.085887+00,2025-04-10 09:44:01.085887+00,"{""en"":{""title"":""Causal Modeling Process"",""content"":""Our worldview emerges through a causal modeling process. We perceive the world through our five senses, but our nervous system can only process a limited amount of information consciously. This requires filtering, interpretation, and pattern creation - processes that can lead to clarity or confusion.""}}"
e4dcbde2-ed23-41cd-9c1d-a7c679285d20,0dd0df9e-6b1f-47c6-a88d-804eac35ce50,Meta-Modell der Sprache,"Das Meta-Modell der Sprache ist ein mächtiges Werkzeug, um Klarheit zu gewinnen. Es hilft uns, die typischen Verzerrungen, Generalisierungen und Tilgungen in unserer Sprache zu erkennen und aufzulösen.

**Beispiele für Meta-Modell-Verletzungen:**

1. **Verzerrungen**:
   - Gedankenlesen: ""Er mag mich nicht"" (Woher weißt du das?)
   - Ursache-Wirkung: ""Du machst mich wütend"" (Wie genau bewirkt sein Verhalten deine Wut?)

2. **Generalisierungen**:
   - Universalquantoren: ""Ich schaffe das nie"" (Wirklich nie? Keine Ausnahmen?)
   - Modaloperatoren: ""Ich muss perfekt sein"" (Was würde passieren, wenn nicht?)

3. **Tilgungen**:
   - Unvollständige Vergleiche: ""Das ist besser"" (Besser als was?)
   - Nominalisierungen: ""Die Angst kontrolliert mich"" (Wie genau ängstigt du dich?)

Durch gezielte Fragen können wir diese Verzerrungen aufdecken und so zu einer präziseren Repräsentation der Wirklichkeit gelangen.",null,2,2025-04-10 09:44:01.085887+00,2025-04-10 09:44:01.085887+00,"{""en"":{""title"":""Meta-Model of Language"",""content"":""The Meta-Model of language is a powerful tool for gaining clarity. It helps us recognize the hidden structure of language and recover deleted, distorted, or generalized information. Through precise questions, we can uncover the full picture behind vague statements.""}}"
3639c189-a44e-4a3c-be9b-127768bc4815,0dd0df9e-6b1f-47c6-a88d-804eac35ce50,Praktische Anwendung,"Die Anwendung dieser Theorien im Alltag kann transformativ wirken:

1. **Beobachten Sie Ihre Sprache**: Achten Sie auf Absolutismen wie ""immer"", ""nie"", ""alle"", ""keiner"".

2. **Stellen Sie Meta-Modell-Fragen**:
   - ""Woher weißt du das?""
   - ""Immer? Wirklich ohne Ausnahme?""
   - ""Was genau meinst du mit...?""
   - ""Verglichen womit?""

3. **Werden Sie präziser**: Je genauer Sie beschreiben können, was in Ihnen vorgeht, desto klarer wird Ihr Verständnis der Situation.

4. **Hinterfragen Sie Ihre Annahmen**: Oft halten wir Interpretationen für Fakten. Prüfen Sie: ""Ist das wirklich so oder ist es nur meine Interpretation?""

Diese Bewusstheit ist der erste Schritt zur Transformation. Wenn wir erkennen, wie wir unsere Realität konstruieren, können wir beginnen, sie bewusst zu verändern.",null,3,2025-04-10 09:44:01.085887+00,2025-04-10 09:44:01.085887+00,"{""en"":{""title"":""Practical Application"",""content"":""The application of these theories in daily life can be transformative:\\n\\n1. **Observe Your Language**: Notice when you use vague or absolute statements\\n2. **Ask Precise Questions**: Use Meta-Model questions to gain clarity\\n3. **Challenge Assumptions**: Question your automatic thought patterns\\n4. **Seek Evidence**: Look for concrete facts behind general statements\\n\\nThese practices lead to greater self-awareness and more effective communication.""}}"
b5515e84-60ce-4c32-852f-9ee749fe5fac,3d29b000-6cb4-4944-ae50-5a53c43ca721,Die wissenschaftliche Basis,"# Die wissenschaftliche Basis der Ausrichtung

## Werteforschung und Motivationspsychologie

Die Forschung zur Wertehierarchie zeigt, dass Menschen mit klaren, bewussten Werten ein höheres Maß an Lebenszufriedenheit, Resilienz und Sinnerleben aufweisen. Studien von Schwartz und anderen Werteforschern belegen, dass Werte als zentrale Orientierungsprinzipien dienen.

Die Selbstkonkordanz-Theorie belegt, dass Ziele, die mit unseren persönlichen Werten übereinstimmen, mit höherer Wahrscheinlichkeit erreicht werden und zu tieferer Zufriedenheit führen.

## Kohärenzgefühl nach Antonovsky

Aaron Antonovskys Konzept des ""Sense of Coherence"" (Kohärenzgefühl) beschreibt drei Schlüsselaspekte psychischer Gesundheit:

1. **Verstehbarkeit**: Das Gefühl, dass die Welt verstehbar und strukturiert ist
2. **Handhabbarkeit**: Der Glaube, dass man über die Ressourcen verfügt, um mit Herausforderungen umzugehen
3. **Sinnhaftigkeit**: Das Gefühl, dass das Leben sinnvoll ist und sich Engagement lohnt

Ausrichtung stärkt alle drei Aspekte und trägt so entscheidend zur psychischen Widerstandsfähigkeit bei.",null,1,2025-04-17 14:11:50.79689+00,2025-04-17 14:11:50.79689+00,{}
f6609a5f-5147-4d45-8e42-3cd6eca23539,3d29b000-6cb4-4944-ae50-5a53c43ca721,Das Konzept der logischen Ebenen,"# Das Konzept der logischen Ebenen

Die von Robert Dilts entwickelte Theorie der logischen Ebenen beschreibt, wie verschiedene Aspekte unserer Persönlichkeit hierarchisch organisiert sind:

1. **Umgebung**: Wo und wann? Der Kontext
2. **Verhalten**: Was tue ich? Spezifische Handlungen
3. **Fähigkeiten**: Wie tue ich es? Strategien und Methoden
4. **Werte & Glaubenssätze**: Warum tue ich es? Motivation
5. **Identität**: Wer bin ich? Selbstbild
6. **Zugehörigkeit**: Wofür/Wozu? Zweck und Mission

Echte Kongruenz entsteht, wenn alle diese Ebenen miteinander in Einklang stehen. Konflikte entstehen oft, wenn eine Ebene mit einer anderen nicht übereinstimmt (z.B. wenn unser Verhalten im Widerspruch zu unseren Werten steht).

## Beispiel:
- **Umgebung**: In einer Büroumgebung
- **Verhalten**: Pünktlich erscheinen, Aufgaben erledigen
- **Fähigkeiten**: Kommunikation, Organisation, Fachkenntnisse
- **Werte**: Zuverlässigkeit, Qualität, Work-Life-Balance
- **Identität**: Ich bin ein engagierter Profi, der auch ein ausgeglichenes Leben führt
- **Zugehörigkeit**: Beitrag zu einem größeren Ganzen, Gesellschaftliche Rolle

Inkongruenz entsteht, wenn z.B. die Umgebung keinen Raum für die ausgelebte Identität bietet oder das Verhalten im Widerspruch zu den Werten steht.",null,2,2025-04-17 14:11:50.79689+00,2025-04-17 14:11:50.79689+00,"{""en"":{""title"":""The Concept of Logical Levels"",""content"":""# The Concept of Logical Levels\\n\\nThe theory of logical levels developed by Robert Dilts describes different levels of change and experience:\\n\\n## Environment (Where & When)\\nThe external context and conditions\\n\\n## Behavior (What)\\nSpecific actions and reactions\\n\\n## Capabilities (How) \\nSkills, strategies, and states\\n\\n## Beliefs & Values (Why)\\nBeliefs, values, and motivations\\n\\n## Identity (Who)\\nSense of self and mission\\n\\n## Purpose/Spirit (For What)\\nConnection to the larger whole\\n\\nUnderstanding these levels helps create sustainable alignment.""}}"
32af9ad0-ba52-45ab-9570-caa69fe7867d,3d29b000-6cb4-4944-ae50-5a53c43ca721,Werte-Integration und Entscheidungsfindung,"# Werte-Integration und Entscheidungsfindung

## Die Natur von Wertekonflikten

Wertekonflikte entstehen, wenn zwei oder mehr persönliche Werte in einer Situation nicht gleichzeitig erfüllt werden können. Beispiele:

- Sicherheit vs. Freiheit
- Familie vs. Karriere
- Struktur vs. Spontaneität
- Selbstverwirklichung vs. Anpassung

Ohne eine klare Wertehierarchie führen solche Konflikte zu Entscheidungsschwierigkeiten, innerer Zerrissenheit und einem Gefühl der Inkongruenz.

## Integrierte Entscheidungsfindung

Eine klare Ausrichtung ermöglicht eine integrierte Entscheidungsfindung durch:

1. **Werte-basierte Prioritäten**: Entscheidungen werden auf Basis der bewussten Wertehierarchie getroffen
2. **Kontext-Sensitivität**: Verständnis, welche Werte in welchem Kontext Vorrang haben
3. **Kreative Integration**: Lösungen finden, die mehrere Werte gleichzeitig erfüllen
4. **Intuitive Klarheit**: Tiefere Intuitionen können leichter gehört werden, wenn sie nicht durch Werteambivalenz überlagert sind

Studien zeigen: Menschen mit einer klaren Wertehierarchie treffen Entscheidungen schneller, fühlen sich wohler mit ihren Entscheidungen und erleben weniger kognitive Dissonanz und Entscheidungsreue.",null,3,2025-04-17 14:11:50.79689+00,2025-04-17 14:11:50.79689+00,{}
43b13afc-34a4-412e-a263-b54c20f5f85c,54b29d5a-ca3f-4c8c-83c2-e9af20353032,Was ist Ausrichtung?,"# Was ist Ausrichtung?

Ausrichtung ist der dritte Schritt der KLARE-Methode und fokussiert auf die Integration aller Lebensbereiche und die Schaffung einer kohärenten Vision. Hier werden Werte, Ziele und Handlungen in Einklang gebracht, um eine durchgängige Kongruenz zu ermöglichen.

Ausrichtung bedeutet, Ihre innere Wertehierarchie zu kennen und alle Lebensbereiche so zu integrieren, dass sie in eine gemeinsame Richtung weisen. Es ist wie wenn alle Instrumente in einem Orchester zum gleichen Stück spielen - nur dann entsteht Harmonie statt Kakophonie.

## Warum Ausrichtung für Kongruenz essentiell ist

Nach der Klarheit über unsere aktuelle Situation und der Aktivierung unserer natürlichen Lebendigkeit müssen wir eine klare Richtung finden:

1. **Kohärenz statt Fragmentierung**: Ausrichtung überwindet die Fragmentierung verschiedener Lebensbereiche
2. **Eindeutigkeit statt Ambivalenz**: Klare Wertehierarchie löst innere Konflikte auf
3. **Integration statt Separation**: Alle Aspekte Ihres Lebens werden zu einem harmonischen Ganzen
4. **Kongruente Entscheidungen**: Klare Ausrichtung ermöglicht leichtere und stimmigere Entscheidungen",null,1,2025-04-17 14:11:50.79689+00,2025-04-17 14:11:50.79689+00,"{""en"":{""title"":""What is Evolvement?"",""content"":""# What is Evolvement?\n\nEvolvement (Ausrichtung) means living in harmony with your deepest values and authentic self. It is the process of aligning your actions, goals, and daily choices with what truly matters to you.\n\nEvolvement includes:\n- Clarity about your core values\n- Alignment between beliefs and actions\n- Integration of different life areas\n- Coherent life vision and direction\n- Authentic self-expression""}}"
38a98d74-91d9-46e5-ba8e-f731b5a90a38,54b29d5a-ca3f-4c8c-83c2-e9af20353032,Die Herausforderung der Ausrichtung,"# Die Herausforderung der Ausrichtung

In der modernen Gesellschaft stehen wir vor zahlreichen Herausforderungen, die eine klare Ausrichtung erschweren:

- Multiple, teils widersprüchliche Rollen und Erwartungen
- Überfluss an Möglichkeiten und Optionen
- Wertekonflikte zwischen verschiedenen Lebensbereichen
- Gesellschaftliche Erwartungen vs. persönliche Bedürfnisse
- Schnelllebigkeit und ständiger Wandel

Diese Faktoren führen oft zu einem Gefühl der Zerrissenheit und inneren Konflikten. Ausrichtung schafft hingegen innere Kohärenz und Integrität.",null,2,2025-04-17 14:11:50.79689+00,2025-04-17 14:11:50.79689+00,"{""en"":{""title"":""The Challenge of Evolvement"",""content"":""# The Challenge of Evolvement\n\nMany people struggle to align their actions with their deeper values:\n\n## Common Challenges\n- Conflicting priorities and demands\n- Unclear or unconscious values\n- External pressures and expectations\n- Fear of change or judgment\n- Compartmentalized life areas\n\n## The Cost of Misalignment\n- Chronic stress and dissatisfaction\n- Feeling fragmented or inauthentic\n- Difficulty making decisions\n- Lack of meaning and purpose""}}"
4749394f-6fb1-461d-be13-21adb55d26f9,54b29d5a-ca3f-4c8c-83c2-e9af20353032,Der Weg zur Ausrichtung,"# Der Weg zur Ausrichtung

Der Prozess zur Entwicklung Ihrer Ausrichtung umfasst vier Kernschritte:

1. **Werte-Hierarchie entwickeln**
   Identifikation und Priorisierung Ihrer persönlichen Kernwerte als Kompass

2. **Lebensbereiche integrieren**
   Konflikte zwischen Lebensbereichen auflösen und Synergien schaffen

3. **Kongruente Lebensvision entwickeln**
   Eine ganzheitliche und stimmige Vision für Ihr Leben kreieren

4. **Ausgerichtete Entscheidungsfindung**
   Entscheidungen treffen, die mit Ihren Werten und Ihrer Vision übereinstimmen

Die folgenden Module werden Ihnen helfen, diese Schritte praktisch umzusetzen und eine tiefe Ausrichtung in Ihrem Leben zu etablieren.",null,3,2025-04-17 14:11:50.79689+00,2025-04-17 14:11:50.79689+00,"{""en"":{""title"":""The Path to Evolvement"",""content"":""# The Path to Evolvement\n\nAchieving true alignment requires a systematic approach:\n\n## 1. Values Clarification\nIdentify your core values and their hierarchy.\n\n## 2. Vision Development\nCreate a compelling vision of your aligned life.\n\n## 3. Integration Process\nAlign your actions with your values across all life areas.\n\n## 4. Decision Framework\nDevelop criteria for making value-based decisions.\n\n## 5. Continuous Refinement\nRegularly review and adjust your alignment as you grow.""}}"
bc2b2648-c5f1-4373-849d-2d622126e9a9,a7f57102-4d03-45fd-a87d-2fc67096aee0,Die Grundlagen des Genius Gate,"Das Genius Gate basiert auf der Erkenntnis, dass ein Großteil unserer inneren Prozesse unbewusst abläuft. Wir nehmen die Welt über unsere Sinne wahr (VAKOG - visuell, auditiv, kinästhetisch, olfaktorisch, gustatorisch), doch unsere bewusste Wahrnehmung erfasst nur einen Bruchteil der verfügbaren Informationen.

Durch gezielte Fragetechniken können wir jedoch mit unserem Unbewussten in Kontakt treten und verborgene Informationen zugänglich machen. Dies hilft uns, blinde Flecken zu erkennen, einschränkende Glaubenssätze zu hinterfragen und zu echter Klarheit zu gelangen.

Die Grundfrage des Genius Gate lautet: ""Was muss ich wissen, was ich noch nicht weiß?""",null,1,2025-04-12 15:53:05.763458+00,2025-04-12 15:53:05.763458+00,"{""en"":{""title"":""The Fundamentals of the Genius Gate"",""content"":""# The Fundamentals of the Genius Gate\n\nThe Genius Gate is a powerful questioning technique that helps you uncover deleted, distorted, or generalized information. It serves as a gateway to deeper understanding and clarity.\n\nBy asking the right questions, you can:\n- Recover deleted information\n- Recognize distortions in your thinking\n- Challenge limiting generalizations\n- Gain clarity about your true situation""}}"
06e662ed-8a86-4c47-905d-ae168badb338,a7f57102-4d03-45fd-a87d-2fc67096aee0,Die Kernfragen des Genius Gate,"Die folgenden Fragen bilden das Herzstück des Genius Gate-Ansatzes:

1. **Woher weißt Du das?**
   Hinterfragt die Quellen unserer Überzeugungen

2. **Wie machst Du das?**
   Untersucht unsere inneren Strategien und Prozesse

3. **Wer, wie, was genau?**
   Fordert konkrete Details statt vager Aussagen

4. **Was würde geschehen, wenn...?**
   Erforscht mögliche Konsequenzen und Alternativen

5. **Was hindert Dich daran...?**
   Identifiziert innere Blockaden und Widerstände

6. **Verglichen womit?**
   Deckt versteckte Vergleiche und Maßstäbe auf

7. **Immer? Niemals? Alle? Keiner?**
   Hinterfragt absolute Aussagen und Verallgemeinerungen

8. **Wie weißt Du...?**
   Untersucht den Prozess, durch den wir zu einer Schlussfolgerung kommen

Diese Fragen helfen uns, die drei universalen Modellierungsprozesse (Verzerrung, Generalisierung, Tilgung) zu erkennen und zu überwinden.",null,2,2025-04-12 15:53:05.763458+00,2025-04-12 15:53:05.763458+00,"{""en"":{""title"":""The Core Questions of the Genius Gate"",""content"":""# The Core Questions of the Genius Gate\n\nThe Genius Gate uses specific questions to uncover hidden information:\n\n**For Deletion:** \""What specifically?\"", \""Who exactly?\"", \""When precisely?\""\n\n**For Distortion:** \""How specifically?\"", \""According to whom?\"", \""What evidence?\""\n\n**For Generalization:** \""Always?\"", \""Never?\"", \""Everyone?\"", \""All?\""\n\nThese questions help you move from vague statements to precise, actionable insights.""}}"
58646242-8b20-4fbd-a32a-681e5e6685f1,a7f57102-4d03-45fd-a87d-2fc67096aee0,Die universalen Modellierungsprozesse im Detail,"**1. Verzerrung**

Bei der Verzerrung nehmen wir eine Umgestaltung sensorischer Einzelheiten vor. Wir interpretieren die Realität auf eine Weise, die nicht unbedingt der objektiven Wirklichkeit entspricht.

Beispiele für Verzerrungen:
- Ursache-Wirkung: ""Deine Kritik macht mich wütend"" (statt: ""Ich reagiere mit Wut auf das, was ich als Kritik wahrnehme"")
- Gedankenlesen: ""Er findet mich inkompetent"" (ohne direkte Bestätigung)
- Implizierter Kausativ: ""Ich möchte mich verändern, aber mein Partner unterstützt mich nicht"" (als ob die fehlende Unterstützung automatisch Veränderung verhindert)

**2. Generalisierung**

Durch Generalisierung nehmen wir eine Erfahrung als repräsentativ für eine ganze Kategorie. Dies hilft uns, schnell zu lernen, kann aber auch einschränkend wirken.

Beispiele für Generalisierungen:
- Universalquantoren: ""Ich schaffe das nie"" oder ""Alle denken so""
- Modaloperatoren: ""Ich muss immer perfekt sein"" oder ""Ich kann nicht nein sagen""

**3. Tilgung**

Bei der Tilgung blenden wir bestimmte Aspekte der Realität aus. Dies hilft uns, uns zu konzentrieren, kann aber zu einem unvollständigen Bild führen.

Beispiele für Tilgungen:
- Nominalisierungen: ""Die Angst kontrolliert mich"" (macht aus einem Prozess ein Ding)
- Unvollständig spezifizierte Verben: ""Er hat mich verletzt"" (wie genau?)
- Vergleichstilgungen: ""Das ist zu teuer"" (verglichen womit?)

Die Genius Gate-Fragen helfen uns, diese Prozesse zu erkennen und zu korrigieren, um ein klareres, präziseres Bild der Realität zu gewinnen.",null,3,2025-04-12 15:53:05.763458+00,2025-04-12 15:53:05.763458+00,"{""en"":{""title"":""The Universal Modeling Processes in Detail"",""content"":""# The Universal Modeling Processes in Detail\n\n## How Our Brain Filters Reality\n\nEvery second, our nervous system processes millions of bits of information, but we can only consciously process about 7±2 pieces of information. This requires three fundamental processes:\n\n### 1. Deletion (Tilgung)\nWe filter out information that seems irrelevant or overwhelming.\n\n### 2. Distortion (Verzerrung)  \nWe modify information to fit our existing beliefs and mental models.\n\n### 3. Generalization (Verallgemeinerung)\nWe create rules and patterns from limited experiences.\n\nUnderstanding these processes is essential for developing true clarity.""}}"
1e78b2b9-7635-4416-b424-852ff087511b,a7f57102-4d03-45fd-a87d-2fc67096aee0,Anwendung im Alltag,"Das Genius Gate ist kein einmaliges Werkzeug, sondern eine tägliche Praxis. So können Sie es in Ihren Alltag integrieren:

1. **Innerer Dialog**: Wenden Sie die Genius Gate-Fragen auf Ihre eigenen Gedanken an. Wenn Sie sich dabei ertappen, wie Sie denken ""Das schaffe ich nie"", fragen Sie sich: ""Wirklich nie? Ohne Ausnahme?""

2. **Journaling**: Notieren Sie Situationen, in denen Sie sich unwohl, gestresst oder blockiert fühlen. Wenden Sie dann die Genius Gate-Fragen auf Ihre Beschreibung an.

3. **Gespräche**: Achten Sie in Gesprächen auf Meta-Modell-Verletzungen - sowohl bei sich selbst als auch bei anderen. Überlegen Sie, welche Frage hier Klarheit schaffen könnte.

4. **Entscheidungsfindung**: Vor wichtigen Entscheidungen können Sie mit Genius Gate-Fragen unbewusste Annahmen und Befürchtungen aufdecken.

5. **Problemlösung**: Wenn Sie mit einem Problem feststecken, nutzen Sie die Fragen, um neue Perspektiven zu gewinnen.

Je mehr Sie diese Fragetechniken üben, desto natürlicher werden sie Ihnen erscheinen und desto klarer wird Ihr Denken werden.",null,4,2025-04-12 15:53:05.763458+00,2025-04-12 15:53:05.763458+00,"{""en"":{""title"":""Daily Application"",""content"":""The Genius Gate is not a one-time tool, but a daily practice. Here's how you can integrate it into your daily routine and use it for continuous self-development and clarity.""}}"
bc8f3f5d-ea15-4e7a-ab88-82f268b91911,c11f1ae5-4963-48aa-8f86-f29b9770beba,Warum ist Klarheit so wichtig?,"Klarheit ist der Grundstein für jede erfolgreiche Veränderung. Ohne ein klares Verständnis Ihres IST-Zustands fehlt Ihnen der Ausgangspunkt für jede sinnvolle Veränderung. Stellen Sie sich vor, Sie möchten mit dem Auto zu einem bestimmten Ziel fahren, wissen aber nicht, wo Sie sich gerade befinden - wie sollten Sie den Weg dorthin finden?

Mit Klarheit beginnen bedeutet, ehrlich zu sich selbst zu sein. Es bedeutet, die aktuelle Situation ohne Schönfärberei oder übermäßige Selbstkritik zu betrachten. Diese ehrliche Standortbestimmung mag zunächst unbequem sein, ist aber der notwendige erste Schritt zu authentischer Veränderung.",null,1,2025-04-10 09:44:01.085887+00,2025-04-10 09:44:01.085887+00,"{""en"":{""title"":""Why is Clarity so Important?"",""content"":""Clarity is the cornerstone of every successful change. Without a clear understanding of your current situation, you lack the foundation for any meaningful transformation. It's like trying to navigate without knowing your starting point - you might move, but you won't reach your desired destination efficiently.""}}"
cda66030-2458-4017-a196-954b12f1939a,c11f1ae5-4963-48aa-8f86-f29b9770beba,Die drei universalen Modellierungsprozesse,"Unsere Wahrnehmung der Welt ist nicht objektiv, sondern geprägt von drei grundlegenden Prozessen:

1. **Verzerrung**: Wir interpretieren die Realität und verändern sie dadurch.
   Beispiel: ""Sie hat mich ignoriert"" (statt: ""Sie hat mich nicht gesehen"")

2. **Generalisierung**: Wir übertragen einzelne Erfahrungen auf alle ähnlichen Situationen.
   Beispiel: ""Ich kann nicht vor Gruppen sprechen"" (nach einer schlechten Erfahrung)

3. **Tilgung**: Wir blenden bestimmte Aspekte der Realität aus.
   Beispiel: Wir überhören Komplimente, nehmen aber Kritik stark wahr

Diese Prozesse helfen uns, die Komplexität der Welt zu bewältigen, können aber auch zu einem verzerrten Selbstbild führen. Im Klarheits-Schritt lernen wir, diese Prozesse bewusst wahrzunehmen.",null,2,2025-04-10 09:44:01.085887+00,2025-04-10 09:44:01.085887+00,"{""en"":{""title"":""The Universal Modeling Processes"",""content"":""# The Universal Modeling Processes\n\nOur brain processes information through three fundamental mechanisms: Deletion, Distortion, and Generalization. Understanding these processes is crucial for developing clarity about our current situation.\n\n## Deletion\nWe filter out most of the information around us to avoid cognitive overload. However, this can lead to important details being overlooked.\n\n## Distortion\nWe interpret information based on our beliefs and experiences, which can lead to misunderstandings.\n\n## Generalization\nWe create patterns and rules from limited experiences, which can be both helpful and limiting.""}}"
11214575-c3e4-46b9-b713-6a168394cc3b,c11f1ae5-4963-48aa-8f86-f29b9770beba,Ihr Weg zur Klarheit,"In den folgenden Modulen werden Sie:

1. Ihr Lebensrad erstellen, um einen Überblick über verschiedene Lebensbereiche zu gewinnen
2. Konkrete Inkongruenzen in Ihrem Leben identifizieren
3. Die Kraft der präzisen Sprache nutzen, um Klarheit zu gewinnen
4. Werkzeuge kennenlernen, um Verzerrungen, Generalisierungen und Tilgungen zu erkennen

Der Prozess mag manchmal herausfordernd sein, aber die gewonnene Klarheit wird Ihnen als solides Fundament für alle weiteren Schritte dienen.",null,3,2025-04-10 09:44:01.085887+00,2025-04-10 09:44:01.085887+00,"{""en"":{""title"":""Your Path to Clarity"",""content"":""In the following modules you will:\\n\\n1. Create your life wheel to get an overview of different life areas\\n2. Learn the Genius Gate technique for precise questioning\\n3. Recognize and overcome self-deceptions\\n4. Develop skills for ongoing clarity in daily life\\n\\nEach step builds on the previous one and leads you to greater self-awareness and authentic self-knowledge.""}}"
98c727c0-1b7c-4f6b-8067-907859d69ddf,d8b8af00-7d10-47b5-8a70-9a7d9da97203,Was ist Lebendigkeit?,"# Was ist Lebendigkeit?

Lebendigkeit ist der zweite Schritt der KLARE-Methode und beschäftigt sich mit dem Wiederentdecken und Aktivieren Ihrer natürlichen Ressourcen und Energien.

Lebendigkeit bezeichnet unseren natürlichen Zustand von Energie, Präsenz und authentischer Ausdruckskraft. Sie ist unser ursprünglicher Zustand, bevor wir durch Konditionierung, Stress und gesellschaftliche Anpassung davon getrennt wurden.

## Warum Lebendigkeit für Kongruenz essentiell ist

Nach der Klarheit über unsere aktuelle Situation benötigen wir Zugang zu unseren natürlichen Ressourcen, um Veränderung zu ermöglichen:

1. **Energiequelle**: Ohne ausreichend Energie können wir keine nachhaltige Veränderung bewirken
2. **Authentische Motivation**: Lebendigkeit zeigt uns, was uns wirklich wichtig ist
3. **Kreative Problemlösung**: Zugang zu unserem vollen Potenzial ermöglicht innovative Lösungen
4. **Resilienz**: Natürliche Lebendigkeit hilft uns, mit Herausforderungen umzugehen",null,1,2025-04-15 09:20:52.032315+00,2025-04-15 09:20:52.032315+00,"{""en"":{""title"":""What is Liveliness?"",""content"":""# What is Liveliness?\n\nLiveliness is the natural vitality and energy that flows through us when we are aligned with our authentic self. It is not forced excitement or artificial stimulation, but rather the organic aliveness that emerges when we remove obstacles to our natural state.\n\nLiveliness manifests as:\n- Natural enthusiasm and energy\n- Spontaneous joy and lightness\n- Effortless engagement with life\n- A sense of vitality and presence""}}"
9e62c4f1-d191-4e72-8d2b-868e25ac41bd,d8b8af00-7d10-47b5-8a70-9a7d9da97203,Blockaden der Lebendigkeit,"# Blockaden der Lebendigkeit

Im Laufe unseres Lebens haben wir oft gelernt, unsere natürliche Lebendigkeit zu unterdrücken durch:

- Überanpassung an soziale Erwartungen
- Traumatische Erfahrungen
- Energieraubende Gewohnheiten und Umgebungen
- Selbstkritik und negative Glaubenssätze

Viele dieser Blockaden sind unbewusst und wurden bereits früh in unserem Leben geformt. Teil der Lebendigkeit-Praxis ist es, diese Blockaden zu erkennen und zu transformieren.",null,2,2025-04-15 09:20:52.032315+00,2025-04-15 09:20:52.032315+00,"{""en"":{""title"":""Blocks to Liveliness"",""content"":""# Blocks to Liveliness\n\nVarious factors can block our natural vitality and energy:\n\n## Internal Blocks\n- Limiting beliefs about ourselves\n- Suppressed emotions and feelings\n- Perfectionism and self-criticism\n- Fear of judgment or rejection\n\n## External Blocks\n- Toxic relationships or environments\n- Overwhelming responsibilities\n- Lack of boundaries\n- Disconnection from nature and body\n\nRecognizing these blocks is the first step to transforming them.""}}"
5bb02e79-ea27-4739-9623-8b112cff192c,d8b8af00-7d10-47b5-8a70-9a7d9da97203,Der Weg zurück zur Lebendigkeit,"# Der Weg zurück zur Lebendigkeit

Der Prozess zur Wiederentdeckung Ihrer Lebendigkeit umfasst vier Kernschritte:

1. **Identifikation von Momenten natürlicher Lebendigkeit**
   Erkennen, wann Sie sich besonders lebendig, energetisiert und authentisch fühlen

2. **Erkennen und Transformieren von Blockaden**
   Bewusstwerden und Auflösen von Hindernissen für Ihren natürlichen Energiefluss

3. **Bewusste Aktivierung und Integration Ihrer Ressourcen**
   Praktiken entwickeln, um Ihre natürlichen Ressourcen im Alltag zu aktivieren

4. **Schaffen von Strukturen, die Ihre Lebendigkeit unterstützen**
   Ihre Umgebung und Routinen so gestalten, dass sie Ihre Lebendigkeit fördern

Die folgenden Module werden Ihnen helfen, diese Schritte praktisch umzusetzen und Ihre natürliche Lebendigkeit zurückzugewinnen.",null,3,2025-04-15 09:20:52.032315+00,2025-04-15 09:20:52.032315+00,"{""en"":{""title"":""The Path Back to Liveliness"",""content"":""# The Path Back to Liveliness\n\nRecovering your natural vitality requires a gentle but consistent approach:\n\n## 1. Awareness\nNotice when you feel most alive and energized. What conditions support your liveliness?\n\n## 2. Release\nIdentify and release the blocks that drain your energy.\n\n## 3. Nourishment\nEngage in activities that naturally restore and increase your vitality.\n\n## 4. Integration\nMake liveliness-supporting practices a regular part of your daily life.""}}"
4d0443dc-0fd4-4358-8152-cb2459f1f74e,f2553e65-cc13-42b9-a6af-e183860fab4e,Die wissenschaftliche Basis,"# Die wissenschaftliche Basis der Lebendigkeit

## Neurobiologische Grundlagen

Aus neurobiologischer Sicht beschreibt Lebendigkeit einen Zustand, in dem unser autonomes Nervensystem optimal ausbalanciert ist. Der Parasympathikus und Sympathikus arbeiten harmonisch zusammen, was Stephen Porges als ""ventrale Vagus-Aktivierung"" bezeichnet - ein Zustand, in dem wir gleichzeitig entspannt und energetisiert sind.

Forschungen zeigen, dass dieser Zustand mit erhöhter Herzratenvariabilität, verbesserter Immunfunktion und kognitiver Flexibilität verbunden ist.

## Psychologische Konzepte

Die Positive Psychologie beschreibt Lebendigkeit als einen Zustand des ""Flourishing"" (Aufblühens), während die Selbstbestimmungstheorie sie mit der Erfüllung unserer Grundbedürfnisse nach Autonomie, Kompetenz und Verbundenheit in Zusammenhang bringt.

Mihaly Csikszentmihalyis Forschungen zu Flow-Zuständen zeigen, dass wir uns am lebendigsten fühlen, wenn wir vollständig in bedeutsamen Tätigkeiten aufgehen, die uns optimal herausfordern.",null,1,2025-04-15 09:20:52.032315+00,2025-04-15 09:20:52.032315+00,{}
4900d271-e28b-467a-9d8e-3aeffc1fb457,f2553e65-cc13-42b9-a6af-e183860fab4e,Energiequellen und Blockaden,"# Energiequellen und Blockaden

## Natürliche versus künstliche Energiequellen

Wir können zwischen zwei Arten von Energiequellen unterscheiden:

**Natürliche Energiequellen:**
- Intrinsische Motivation und Begeisterung
- Tiefe Verbindung zu Werten und Sinn
- Erholung und Regeneration
- Soziale Verbundenheit und Resonanz

**Künstliche oder kurzfristige Energiequellen:**
- Externe Anreize und Belohnungen
- Stress und Adrenalin
- Substanzen wie Koffein oder Zucker
- Äußere Anerkennung und Statussymbole

## Gemeinsame Energieblocker

Typische Energieblocker, die unsere natürliche Lebendigkeit behindern:

1. **Körperliche Faktoren**
   - Schlafmangel und Erschöpfung
   - Mangelhafte Ernährung
   - Bewegungsmangel
   - Chronische Verspannungen

2. **Emotionale Faktoren**
   - Unterdrückte Gefühle
   - Ungelöste emotionale Konflikte
   - Ängste und Sorgen
   - Emotionale Überlastung

3. **Mentale Faktoren**
   - Negative Glaubenssätze
   - Übermäßige Selbstkritik
   - Grübeln und Gedankenkreisen
   - Informationsüberflutung

4. **Umgebungsfaktoren**
   - Energieraubende Beziehungen
   - Toxische Arbeitsumgebungen
   - Mangel an Natur und Schönheit
   - Ständige Ablenkungen und Unterbrechungen",null,2,2025-04-15 09:20:52.032315+00,2025-04-15 09:20:52.032315+00,"{""en"":{""title"":""Energy Sources and Blocks"",""content"":""# Energy Sources and Blocks\n\n## Natural Energy Sources\n- Intrinsic motivation and passion\n- Connection to personal values\n- Meaningful relationships\n- Creative expression\n- Physical vitality and health\n- Spiritual practices and connection\n\n## Common Energy Drains\n- Chronic stress and overwhelm\n- Toxic relationships or environments\n- Activities that conflict with values\n- Physical neglect or poor health habits\n- Lack of purpose or meaning\n- Suppressed emotions or creativity\n\nBalancing these elements is key to sustainable liveliness.""}}"
8cfb98ec-3033-4212-9027-c3415888eff7,f2553e65-cc13-42b9-a6af-e183860fab4e,Der Körper-Geist-Zusammenhang,"# Der Körper-Geist-Zusammenhang bei Lebendigkeit

Lebendigkeit ist ein ganzheitliches Phänomen, das Körper, Geist und Emotionen umfasst. Diese drei Aspekte stehen in ständiger Wechselwirkung:

## Der Körper als Tor zur Lebendigkeit

Unser Körper ist nicht nur ein Transportmittel für unseren Geist, sondern ein intelligentes System mit eigener Weisheit. Körperliche Praktiken wie Bewegung, bewusste Atmung und Entspannung können direkte Wege zu mehr Lebendigkeit sein.

Die Embodiment-Forschung zeigt, dass unsere Körperhaltung, Bewegungsmuster und physischen Gewohnheiten unsere mentalen und emotionalen Zustände tiefgreifend beeinflussen.

## Emotionen als Energieträger

Emotionen sind energetische Zustände, die uns Information und Motivation liefern. Sowohl angenehme als auch unangenehme Emotionen können Quellen von Lebendigkeit sein, wenn wir lernen, sie vollständig zu erleben und fließen zu lassen.

Das Problem entsteht nicht durch die Emotionen selbst, sondern durch deren Unterdrückung oder Festhalten, was Energie bindet und Lebendigkeit blockiert.

## Der Geist als Dirigent

Unser Geist kann sowohl Lebendigkeit fördern als auch blockieren. Aufmerksamkeit und Präsenz verstärken Lebendigkeit, während Grübeln und übermäßiges Analysieren sie verringern können.

Die Praxis der Achtsamkeit erlaubt es uns, den Geist zu beruhigen und in den gegenwärtigen Moment einzutreten, wo Lebendigkeit am stärksten erfahrbar ist.",null,3,2025-04-15 09:20:52.032315+00,2025-04-15 09:20:52.032315+00,"{""en"":{""title"":""The Body-Mind Connection in Liveliness"",""content"":""# The Body-Mind Connection in Liveliness\n\nThe body is not just a vessel for the mind, but an intelligent system with its own wisdom. Physical practices can provide more direct pathways to liveliness than purely mental approaches.\n\n## Embodiment Research\nStudies show that posture, movement patterns, and physical habits profoundly influence our mental and emotional states.\n\n## Practical Applications\n- Breathwork for energy regulation\n- Movement for vitality activation\n- Body awareness for emotional intelligence\n- Grounding practices for presence""}}"